person_id,company
C632336343,Smith-Sanders
C1264712553,"Bowers, Kennedy and Fox"
C1746846248,Oneal-Simpson
C333676753,Wright and Sons
C813403091,Lee PLC
C2002954533,"Flores, Gardner and Turner"
C813757373,Johnson and Sons
C1850864812,"Sexton, Prince and Ewing"
C886849972,Mcdonald Ltd
C390714641,"Walker, Richardson and Hughes"
C1514989792,"Jenkins, Peters and Heath"
C94444270,Sharp Group
C513018655,"Miller, Long and Chen"
C122114408,"Miller, Lewis and Cole"
C1810046508,"Tate, Nunez and Bryant"
C1365498607,Snyder-Taylor
C12524561,Robles-Rangel
C1564771551,"Thompson, Hensley and Smith"
C1346570604,"Camacho, Krueger and Cooper"
C807101143,Evil Corp
C346953986,"Stevens, Shepherd and Carlson"
C25552315,Evil Corp
C200195468,Patterson-Fernandez
C1576094043,Smith PLC
C1512675672,Morris-Anderson
C1286124147,Maxwell Group
C1953063740,Campbell-Jensen
C470767940,Robinson Ltd
C709178804,Peterson-Leonard
C920671013,Mcdonald-Jones
C633099116,Sanford LLC
C220437223,"Frost, Torres and Moore"
C1717919401,Fisher-Johnson
C1353964860,Davies-Wheeler
C1894828300,Frost-Lee
C544409289,Moore Group
C88319926,Davis and Sons
C893917810,Malone-Joseph
C1405934398,Phillips-Mills
C800760258,Jacobson-Bass
C484951468,Adkins-Gonzalez
C982073663,Bennett-Mccoy
C1647129298,Blanchard LLC
C2086229320,"Williams, Mcclain and Johnson"
C315487150,"Roman, Shaffer and Perez"
C1235787929,"Hamilton, Peck and Schultz"
C979213321,Green Group
C1653380908,Evil Corp
C1099535493,Schmidt-Wilson
C2147063789,"Villarreal, Black and White"
C237037918,Adams-Dawson
C1496903190,Miranda-Fox
C1051106607,Freeman and Sons
C731717743,Garcia-Munoz
C1410677661,Perez Group
C677811242,Cameron-Hubbard
C74556831,Foster PLC
C41573174,Rios-Martinez
C40966245,Young-Gilbert
C40866646,Bell Inc
C1321671140,Barrera-Jacobs
C1322294401,Savage-Chapman
C998029122,Evil Corp
C710908433,"Wallace, Maxwell and Nixon"
C1977482177,Horton Inc
C1345262134,Sanford-Conner
C952906355,Chavez Ltd
C174212239,Wright-Butler
C239144018,"Khan, Maxwell and Wright"
C1577059714,Mercado Group
C1370498771,"Schmidt, Snyder and Sullivan"
C1542135254,"Watson, Booker and Hensley"
C923977418,Gallegos-Stewart
C1009192782,Marshall PLC
C1418729422,"Turner, Hull and Stafford"
C2029840344,Thomas-Newman
C731563967,"Whitney, Moran and Johnson"
C1515172243,"Berry, Curtis and Garza"
C1025174837,"Hale, Rogers and Reynolds"
C1358412469,"Smith, Johnson and Jenkins"
C1144246806,Flowers-Garner
C583984242,"Lopez, Young and Nelson"
C449334349,Burke-White
C1946500289,Gross-Kane
C2035379457,Coleman LLC
C2147246002,"Gonzalez, Watts and Day"
C1906310517,Brown Inc
C1249789290,Richardson Group
C1938448095,Joyce PLC
C508385511,Morgan PLC
C1013341637,"Jenkins, Garcia and Kemp"
C1408936980,Bell-Brown
C1363041822,Collins-Olsen
C1359889730,"Clark, Kramer and Kelley"
C1270549119,Todd-Henry
C2051931889,English-Hill
C841098437,Huerta-Ramos
C1484852473,Santana-Holland
C2023654274,"Simpson, Arnold and Kelley"
C928494081,"Weber, Wade and Young"
C427005441,"Barnett, Gordon and Nguyen"
C1359417325,Mitchell-Coffey
C2074796244,Novak-Reeves
C1946350945,"Hawkins, Knight and House"
C1239333334,Fletcher Inc
C1602089084,Walker LLC
C102483840,Keller Inc
C1483999363,Flynn-Odom
C1477296233,Welch-Duncan
C648700740,Short-Ryan
C1616958476,"Mercer, Smith and West"
C1514420564,Perez Ltd
C1794179829,"Werner, Lopez and Young"
C1655583311,"Vargas, Cardenas and Perkins"
C1346718641,Evil Corp
C1159198332,"Gregory, Wilson and Smith"
C804921125,Saunders-Buchanan
C805028279,"Blair, Hernandez and James"
C1478451246,"Barry, Price and Morris"
C1150179328,White PLC
C605074781,Fisher-Robinson
C776744634,Parker and Sons
C42598404,Frey-Brown
C1260349918,Chavez-Holmes
C2018348964,Carrillo Inc
C340149850,Leon Group
C1039276660,Johnson-Hall
C942807624,Gonzalez PLC
C2121240346,Hernandez PLC
C1560448195,Hopkins Inc
C854642819,Olson-Reese
C459252785,"Fuller, Pearson and Hunt"
C1309130238,Jones LLC
C849509788,"Mclaughlin, Mann and Logan"
C683799433,"Smith, Richardson and Harrington"
C352220876,Reed Ltd
C887004112,"Church, Ross and Wright"
C763671499,Scott LLC
C211960157,"Ray, Smith and Gutierrez"
C2126397003,Landry-Ball
C1935487738,"Jones, Reyes and Phillips"
C1471956423,White-Taylor
C20748083,Lopez-Smith
C315492035,"Arias, Smith and Allen"
C1191854830,"Moore, Eaton and Solis"
C509952728,Johnson-Smith
C1181005058,"Medina, Fields and Jackson"
C1260935439,Dawson and Sons
C773163139,Jordan Inc
C781839635,Vega Group
C1798880828,Davis-Davis
C1800243188,Holt Inc
C1613457151,"Salas, Willis and Martin"
C280147801,"Lopez, Bray and Hall"
C1535780730,Bryan-Williams
C871652084,Levine-Johnson
C1448380450,Vazquez Group
C1298433128,Kim-Ashley
C1946777947,Mcdaniel Ltd
C1844580132,Schmidt Ltd
C1065363833,"Dawson, Wilson and Watson"
C303128054,Hensley-Sullivan
C710925990,Chandler Ltd
C548608193,Davis-Adams
C1568656506,"Evans, Smith and Marquez"
C1626747046,"Weiss, Rhodes and Cooper"
C1482458700,"Frye, Reese and Moran"
C1169387535,"Meyer, Henderson and Powell"
C1507005727,Strickland Inc
C271216403,Reyes Inc
C1944531859,Smith PLC
C443256575,Johnson-Bender
C1367522019,"Gonzalez, Edwards and Rosales"
C897923211,Vargas Inc
C1310500423,"Salazar, Byrd and Reid"
C354902759,Diaz LLC
C2131394246,"Moore, Montoya and Matthews"
C249200083,Hall LLC
C1860449608,Bryan Group
C2069695524,"Foster, Aguirre and Martinez"
C72679323,White PLC
C302440786,Clark-Mcgee
C1786701224,Stewart PLC
C109549101,Cruz PLC
C69372757,"Romero, Norris and Stevenson"
C1905061351,Allen LLC
C283168237,"Hunter, Mann and Holloway"
C1730214975,"Mosley, Adkins and Young"
C105766657,Jones Group
C510409191,"Fox, Martinez and Cannon"
C1536968899,"Mclaughlin, Munoz and Mueller"
C710617656,"Padilla, Thompson and Singh"
C2054628112,"Clark, Castillo and Roberts"
C542975894,Ramirez-Mcconnell
C1553137068,Smith and Sons
C1600086058,"Anderson, Wolfe and Robinson"
C1357070438,"Hopkins, Mccann and Smith"
C746348142,Williams-Bautista
C432147162,"Morgan, Roberts and Hammond"
C640064078,Stewart-Collier
C1780541439,Church Ltd
C756435736,Valenzuela PLC
C291493936,"Mcdaniel, Mitchell and Gillespie"
C559078087,Mcfarland Group
C604541326,"Williams, Contreras and Hernandez"
C290022912,"Torres, Simpson and Ramirez"
C877593625,Combs-Roberson
C1815651807,Hampton-Gardner
C1448400865,Cardenas-Hernandez
C40905611,Robinson Group
C522950250,Melendez Inc
C1411102270,"Yang, Johnson and Herman"
C1821641108,Lyons Inc
C1532316610,"Scott, Zhang and Singleton"
C558630256,"Moreno, Delacruz and Lara"
C805432013,Cox Inc
C362865724,Cardenas-Murray
C1013384637,Gibson-Peterson
C1086764372,Fox-Rose
C1692768606,Garcia-Fisher
C1227984431,Baldwin Group
C820447403,Delgado Ltd
C789074715,"Williams, Marks and Hernandez"
C1064603430,"Vaughn, Smith and Davis"
C1405528965,"Kaiser, Lamb and Bailey"
C33175299,"Underwood, Wall and Young"
C467717543,"Jones, Rocha and Kim"
C1675746664,Peck-Perkins
C1830375097,"Watkins, Mann and Berry"
C1461159159,Vazquez-Lucas
C1982775599,Dennis and Sons
C1292711577,King PLC
C1963550118,Patel-Wong
C1259952556,"Smith, Bass and Clark"
C2146933874,Drake Inc
C1480105448,Williams-Wallace
C1503346721,Collins LLC
C236635667,Dixon PLC
C409741973,"Ray, White and Reeves"
C391871944,Huang-Lee
C244341744,"Dunlap, Sanchez and Thomas"
C1450168978,"Larson, Matthews and Owens"
C1452534624,Wilson PLC
C1828136324,"Sims, Wallace and Wall"
C1982404838,"Spence, Shaffer and Davis"
C322617928,Young Group
C776180615,Page Inc
C1916496762,Evil Corp
C16708267,"Noble, Moreno and Smith"
C1787501728,Summers and Sons
C590272894,Brown-Lynch
C1598042404,Thompson PLC
C240218607,Benton Group
C400990872,Miller-Holmes
C662980180,"Crawford, Jordan and Lang"
C1117122966,Johnson PLC
C1769987336,"Fuentes, Hanson and White"
C1019120294,Lawrence Ltd
C1826659400,"Lewis, Kidd and Martin"
C571901331,"Bennett, Lee and Mathews"
C1902615133,"King, Gay and Ramirez"
C229481481,"Christian, Turner and Huff"
C979315962,Richards LLC
C1832568799,Turner and Sons
C1500999280,Lee-Ward
C583270541,"Bryan, Clark and Thompson"
C775199672,Lara-Mcpherson
C1936578603,"Collins, Murphy and Hall"
C1619280891,Matthews Group
C1699211236,"Kelly, Gutierrez and Rollins"
C948008517,Cohen Group
C1549828854,Brown-Stewart
C1484287258,Gamble-Foster
C1219933393,Johnson Ltd
C2036462106,Dunn-Olson
C1877480943,Crawford Group
C329671918,Foley LLC
C1382737049,"Rosario, Price and Clark"
C2019927907,Rivera-Gomez
C1204432983,"Santiago, Newman and Murphy"
C98762391,"Bryant, Gonzalez and Dunn"
C872308387,Lewis-Miller
C727477811,Ayala-Franklin
C1773649560,"Robertson, Brown and Gutierrez"
C542988410,Davis-Peterson
C1623560754,"Huffman, Scott and Wallace"
C1817780317,"Drake, Miller and Tate"
C1512711427,"Kelly, Taylor and Hodge"
C1816231296,Juarez LLC
C483691061,Gonzales-Mcdonald
C1613083227,"Mejia, Smith and Campbell"
C827453658,Vincent-Parker
C1194602188,Baker-Henry
C1814014154,Farmer LLC
C1576282858,"Wilson, Hernandez and Meyer"
C80009629,Cooper Inc
C1589115167,"Shepard, Thompson and Cox"
C264592116,Hampton-Hernandez
C1146107700,Thornton Inc
C335626674,"Daniels, Durham and Ryan"
C1503656322,"Barnett, Mosley and Williams"
C1058293025,Elliott PLC
C839531987,"Martin, Molina and Perez"
C1673909196,Reilly-Newman
C389791845,Nelson-Stephenson
C1343366442,Arnold-Smith
C435002653,Rogers-Vega
C1431131974,Hernandez-Rosario
C1949030828,Shelton-Pollard
C525764198,Davis Inc
C1980355330,Roy LLC
C1765538372,"Lewis, Weber and Thompson"
C463410784,Ward PLC
C1935530674,"Liu, Medina and Thornton"
C1331486159,"Bell, Brooks and Morales"
C1732789610,Barnes PLC
C1538904718,"Carlson, Wilson and Diaz"
C1544323607,"Barnes, Campbell and Moore"
C641130643,Howell-Sutton
C1581127881,Powers PLC
C1089649936,Bean and Sons
C1383263848,Booker Group
C991371830,"Griffin, Anthony and Munoz"
C1820719608,Jensen PLC
C1774537867,Morgan Ltd
C402396374,Ford PLC
C951531132,Cruz and Sons
C2022978153,Fischer-Scott
C345630943,Silva Inc
C1315518253,Rich-Dean
C1803002069,Hawkins and Sons
C625476444,"Stone, Perry and Ryan"
C1255646682,Gross-Krueger
C857906147,Williams PLC
C456511156,Dunn-Andrade
C1598086365,"Fields, Richardson and Johnson"
C786231804,Gordon Inc
C446239502,"Lee, Rodriguez and Klein"
C1082836606,"Richardson, Lowery and Rodriguez"
C1909053668,Wood PLC
C883888639,Baker Group
C456410025,Marquez-James
C893629182,Hawkins-Hernandez
C1861550756,Parker and Sons
C411554883,Ball LLC
C1362472090,Baldwin and Sons
C1239955812,Hayden Inc
C2138549198,Levine-Howell
C2068139505,Allen PLC
C956148525,"Hart, Morgan and Schmidt"
C1750384848,Gallegos PLC
C1367135749,James-Taylor
C324615636,Rollins-Love
C507398461,Lewis-Carlson
C1841108322,"Smith, Daniels and Conner"
C284456399,Copeland and Sons
C2030381661,"Martinez, Stone and Davis"
C1947833123,Smith-Riddle
C1544023267,"Rodriguez, Miller and Walker"
C730391328,Smith-Conley
C916767038,"Baker, Montgomery and Mitchell"
C2030604385,Alexander-Lozano
C148953922,"Fleming, Weber and Smith"
C988195365,Burton-Johnson
C215824393,Bennett Inc
C587377409,Hill Inc
C1047250699,Larson LLC
C210431435,"Medina, Chase and Scott"
C115263387,Padilla-Wolf
C1665011228,Jones Inc
C1443582114,Perez LLC
C1119448553,Potter-Davidson
C989033255,Graves LLC
C1894384509,"Reed, Ramirez and West"
C1126614111,"Haney, Baird and Mann"
C959831541,"Frye, Dunn and Sexton"
C1014445701,"Harris, Little and Edwards"
C481112045,Sosa LLC
C830049833,Riley-Murillo
C1842245528,Valdez-Williams
C1596240999,Costa-Boyd
C558123424,Hernandez-Williams
C499084371,Thomas-Castillo
C527121410,"Phillips, Lam and Stanley"
C2040030406,Andrews Inc
C691065771,Evil Corp
C1592315590,Tucker PLC
C1223700231,Mata-Neal
C1548427609,"Stephens, Smith and Hunt"
C334779941,"Garcia, Mcbride and Ross"
C1094243292,Maxwell-Blake
C1468489255,"Zamora, Bennett and Goodwin"
C121673706,Wilson-Parker
C1110105400,Ramirez-Carter
C205926264,Peterson Inc
C245485620,Barron Ltd
C651351828,Simmons Ltd
C1906253970,Proctor-Joyce
C1627221278,"Williams, Butler and Evans"
C1313758558,Griffith-Waller
C42312626,Armstrong Ltd
C1892790152,"Sullivan, Coleman and Phillips"
C963189208,"Gonzalez, Gray and Williams"
C1362561820,"Flowers, Webb and Smith"
C943906045,Hill PLC
C1350030880,Flores-Keith
C1248291605,Watson-Hill
C1807268726,"Salazar, Wilson and Mueller"
C1991141405,"Ross, Wallace and Robbins"
C758975164,"Beck, Buchanan and Rasmussen"
C904657322,Bates Group
C1979501645,Evil Corp
C325311902,Rangel-Morris
C1182820380,"Edwards, Baker and Pope"
C877834987,"Berry, Dean and Hamilton"
C121617064,Rivera PLC
C1832242886,"Higgins, Martinez and Lewis"
C615984420,Miller-Martin
C710378611,Thompson and Sons
C609387891,"Hicks, Johnson and Ward"
C747251675,"Donovan, Miller and Vazquez"
C977212251,Jackson LLC
C101554713,Nichols Inc
C447146159,Riley-Wong
C248360713,"Hooper, Baldwin and Shaw"
C1564902645,"Rhodes, Rivera and Roberts"
C2144691964,Ray-Patterson
C2070002745,Bauer Ltd
C1299995578,Phillips-Lee
C957587875,Tucker-Campbell
C36185976,Banks-Dennis
C902519236,Higgins-Green
C2113946113,"Olson, Burke and Dean"
C1332049776,Evil Corp
C1975067906,Carter Ltd
C1950011604,Acevedo-Gibbs
C1185590750,Evil Corp
C1873356357,Sanchez-Ryan
C954473044,Richardson-Martinez
C1444613651,Castillo-Leach
C1492365071,"White, Jensen and Williams"
C141646271,"Gonzalez, Lee and Carney"
C894616067,Anderson LLC
C25554543,Bates-Abbott
C2081894246,Torres and Sons
C981606624,"Walker, Lopez and Malone"
C1928538947,"Stone, Hansen and Johnston"
C1327273607,Romero Group
C1702795050,Reilly and Sons
C871049945,Diaz-Peters
C1473474111,"Thomas, Hughes and Holmes"
C1813715779,Strong-Patel
C590825815,"Kerr, Wilson and Molina"
C1960897990,Luna Group
C1799708023,"Keller, Johnson and Vang"
C38777806,"Edwards, Hull and Curtis"
C1425980682,"Mason, Caldwell and Harper"
C1630913283,Figueroa-Parker
C204837053,"Pennington, Howard and Morris"
C1459471804,"Carter, Austin and Ramirez"
C1804644264,Burton-Miller
C581092628,"Moore, Edwards and Rowland"
C1033179241,Burns Ltd
C51713258,"Lane, Mills and Brewer"
C1012444574,"Barker, Becker and Long"
C1429344237,"Schmidt, Simon and Petty"
C1354365880,"Anderson, Davis and Richardson"
C935830942,"Frederick, Hernandez and Foster"
C679835635,Vega-Davis
C1994740718,Patrick-Wong
C1159397263,Johnson-Sweeney
C41281472,Wade Ltd
C2045288691,Gray LLC
C654007684,Horne-Freeman
C687205356,Guerra and Sons
C362808071,"Reid, Wallace and Cisneros"
C133176430,Baker Group
C1173615080,"Elliott, Hurst and Taylor"
C1024549765,"Wells, Herring and Sullivan"
C166446075,Johnson-Brown
C820264689,Daugherty-Foster
C30171635,Wade Inc
C470143903,Calhoun-Villanueva
C487812799,Hurley-Adams
C1434018911,"Chambers, Fernandez and Bowman"
C1831036283,Boyd-Cole
C1976238602,"Marquez, Montgomery and Freeman"
C171710026,Garcia and Sons
C2111405403,Calhoun-Day
C1607635931,"Allen, Johnson and Tyler"
C110048837,Mitchell Group
C498744194,"Charles, Lopez and Williams"
C1600631464,Jensen PLC
C1228793560,Fernandez-Davis
C981409446,Peters Group
C1133286126,Abbott LLC
C859180153,"Anderson, Barron and Sanders"
C173650238,Martinez Group
C974160097,"Carroll, Mccoy and Hunt"
C716006124,"Green, Robinson and Hill"
C1161563257,Pham and Sons
C984183367,Mcdonald Ltd
C211548782,Rodriguez PLC
C452328676,Hodge-Hall
C1272954468,"Guzman, Graham and Vazquez"
C205094671,Lam LLC
C2103095274,Patterson-Wells
C902469108,Green-Gordon
C475092059,Parker-Young
C911386330,Gibbs LLC
C970996326,"Santos, Walker and Moreno"
C343462036,Lewis and Sons
C757911593,"Williamson, Mcgee and Smith"
C347970069,Hughes-Rhodes
C208207382,"Thornton, Wilson and Pittman"
C567856792,Delgado-Allen
C1408894524,Mendez-Carter
C561085588,Jackson-Johnson
C26798809,"Howard, Boone and Simon"
C317896838,Salazar PLC
C1438120296,Peterson Inc
C1128647304,Myers LLC
C2111535698,Williams and Sons
C1367953979,"Smith, Wright and Huff"
C713164662,Campbell PLC
C585438732,Adams PLC
C1578615855,"Compton, Miller and Lee"
C764727602,Robertson-Fuller
C1459453955,"Schneider, Holland and Washington"
C1935842028,Figueroa and Sons
C1236972535,Wood-Horton
C1398270489,Coleman-Brown
C1798524768,"Little, Mora and Gordon"
C1482622089,Watson LLC
C2140826890,Martin Ltd
C1891624473,Boyer and Sons
C1700308663,Williams-Green
C1909470620,Booth-Hood
C1386679879,Fisher PLC
C2118989260,Smith-Mcgrath
C1459123422,Steele Ltd
C494742384,Garcia-Reid
C46021971,"Harrison, Gaines and Snow"
C427769346,Garcia-Brown
C502532257,"Schmitt, Davis and Combs"
C788347695,Morgan-Hampton
C1572564959,Roberts-Martin
C1634722951,Rose LLC
C728984460,"Aguilar, Morton and Bell"
C1199356949,Martin-Diaz
C33627542,Hernandez Inc
C1466302771,French LLC
C70208605,Pollard and Sons
C875553654,"Oliver, Stewart and Macdonald"
C653116043,White-Valentine
C1054904549,Terry PLC
C1958989962,Kane and Sons
C1708887366,"Brown, Wright and Williams"
C1004455679,"Hill, Arnold and Gregory"
C1166700920,Brooks Ltd
C870036720,"Holden, Miller and Mayer"
C1470234114,"Morales, Hester and Wilson"
C299881200,"Johnston, Ortega and Williams"
C182949497,James-Bradford
C76280739,Stewart LLC
C916536135,Gamble-Stein
C1533282587,Hunter Group
C1485400045,"Garner, Kennedy and Elliott"
C259671510,"Barber, Edwards and Coleman"
C898361720,"Hancock, Mack and Jones"
C1863138315,Kim PLC
C579633837,Morrow-Martin
C1505174831,Mcmillan LLC
C1371482499,"Buck, White and Rios"
C661691277,"Davis, Turner and Black"
C304716041,"Shaw, Hunter and Sullivan"
C1139500340,Deleon and Sons
C566195854,Hill LLC
C894234207,Adams Group
C671179936,Russell and Sons
C1492200662,Santos LLC
C750708306,Reynolds-Price
C1896972824,"Perez, Frazier and Smith"
C613045705,"Dodson, Hughes and Nguyen"
C523286269,Wright-Torres
C675329792,"Lewis, Davis and Edwards"
C1160035148,Lawrence-Burns
C418934561,"Walsh, Clark and Crawford"
C534811552,Werner-Weiss
C1118045065,Gomez-Chen
C270984175,Fischer Inc
C1439410529,Jackson-Bright
C1967837001,Carpenter Ltd
C350778798,"Wright, Miller and Harrington"
C1062669905,"Bradshaw, Barnes and Obrien"
C1821052251,"Anderson, Rodriguez and Cooper"
C1937977255,Diaz-Flynn
C184978226,Russo PLC
C2104577065,Hernandez Group
C867225445,Gutierrez Inc
C1817594771,Mason-Willis
C1268926862,"Castro, Rose and Brown"
C934980411,Stanton-Welch
C1642074775,"Pitts, Green and Hayes"
C1697846408,Orr-Zamora
C994905923,Valdez-Long
C480642841,Sims and Sons
C1213288489,Richardson PLC
C1445108729,"Chapman, Nichols and Cook"
C1292696100,Myers PLC
C1625306007,Gillespie-Proctor
C1799388629,"Sanders, Caldwell and Sanchez"
C2003401620,"Thompson, Dixon and Lawrence"
C616396980,Martinez Group
C1198033300,Freeman Group
C1522624119,Drake-Harrison
C1674220591,"Henderson, Mcmahon and Mendoza"
C1805204516,Russell LLC
C1901405112,"Moreno, Johnson and Hebert"
C1932307302,Guerrero LLC
C1000534589,Moreno-Scott
C1124340886,Davis-Martinez
C1269549720,Lopez-Pittman
C1489619205,Wilson-Vance
C395334853,Shelton-Molina
C1871486543,Morse Group
C511079042,"Jordan, Downs and Wilkerson"
C1591734462,Lewis-Thomas
C655259291,Williams-Neal
C492145062,Lynn-Henry
C1641518900,Morales-White
C1648985450,"Mckinney, Lane and Leblanc"
C1448383087,"Wilson, Ramsey and Watson"
C401849338,Dixon-Townsend
C1752155530,Alexander Inc
C1652492723,"Wilson, Hughes and Ross"
C108625566,Wilkinson-Hobbs
C165448240,Butler-Martinez
C812087967,"Smith, Kim and Roberts"
C1453638924,Howell PLC
C1030982332,Young-Sherman
C628907717,Blevins and Sons
C192549839,"Nelson, Thomas and Rose"
C788384452,Randolph Inc
C1118649506,Schroeder-Miller
C313716075,Lyons LLC
C1142119330,"Velazquez, Walker and Ortiz"
C1820261015,"Moore, Crosby and Parker"
C145038503,Evil Corp
C1024543717,"Knox, Nielsen and Mcintyre"
C511771034,Gould Group
C1300892613,Jones and Sons
C1596282278,"Moore, Reese and Edwards"
C1269632250,"Wu, Martinez and Lewis"
C1251364898,Grant-Cantrell
C121817565,Freeman and Sons
C196248895,Norton-Blake
C1020073805,Miller Group
C1062230392,Higgins-Hancock
C442037163,Lawson-Johnson
C515240582,Rice-Morris
C945692515,Hubbard-Wallace
C1788614688,Johnson Ltd
C1840732362,Harris-Berry
C227116382,"Galvan, Turner and Simmons"
C1834494460,"Stewart, Sherman and Robinson"
C199980701,Mosley PLC
C445652269,Williams-Cox
C903082377,"Mathews, Rice and Thomas"
C1840226881,Bell-Salazar
C1294900585,"West, Taylor and Graham"
C167833503,Cook Ltd
C1717728486,Bell LLC
C59366354,Vasquez-Gutierrez
C1200962164,Keller-Smith
C1087394387,Murray-Mendoza
C200496008,"Sharp, Ramirez and Reid"
C1281462640,Mathews-King
C473249,Evil Corp
C1045725830,Williams-Frye
C896462880,Griffin-Carey
C1675116464,"Lopez, Torres and Green"
C50169804,Oneal-Vasquez
C688981659,Johnson and Sons
C1319985290,"Burnett, Andrade and Villarreal"
C1851313644,"Jones, Grant and Torres"
C665779203,Bowman Group
C1191553018,Villarreal-Smith
C41511043,Castro-Martinez
C19697526,Aguirre PLC
C67394878,"Flores, Watson and Sparks"
C668120831,Buckley and Sons
C1758604709,Morgan-Hutchinson
C1640757397,"Clark, Luna and Thomas"
C1004323901,"Bond, Duke and Lynch"
C802308514,Page-Reyes
C94717409,"Schwartz, Blevins and Reid"
C1379962851,Baker Inc
C36869063,Mclean Ltd
C985998797,Morton PLC
C307914892,"Harrell, Garcia and Garcia"
C380101107,Evil Corp
C168299926,Gonzalez Ltd
C1092982137,Wilson Inc
C883754077,Valencia-Mack
C1669206046,Flores LLC
C1432708869,Greene Group
C1370706962,"Roy, Walton and Watson"
C773890759,Foster and Sons
C1142296372,Vaughan Ltd
C810795179,Peterson-Nelson
C457666452,Hughes and Sons
C285171535,"Wilkins, Mason and Lewis"
C83729894,"Rice, Garcia and Quinn"
C1870328268,Harper Group
C957819774,"Gordon, Gray and Smith"
C592717547,"Moore, Frey and Watts"
C627189974,Smith-Zimmerman
C1872437296,Perry-Mcgrath
C896087078,Morales-Richardson
C1539574479,"Armstrong, Zimmerman and Farley"
C278763950,"Mcdonald, Romero and Mclaughlin"
C642273110,Morgan-Thompson
C2059242821,Esparza-Cook
C1044355910,"Garcia, Sampson and Salas"
C879712064,Taylor Ltd
C60259605,"Howard, Gonzalez and Cooper"
C392841400,Garcia-Harper
C154378100,Phillips LLC
C784613597,Jones-Hubbard
C1658890198,"Ferrell, Henderson and Powers"
C406664920,Lambert-Hawkins
C959228057,Waters Group
C458075458,Davila-Miller
C601928063,Davila Ltd
C108039681,"Sutton, Smith and Ruiz"
C1910475638,Barrera-Wright
C2060474343,"Fisher, Moore and Burnett"
C1453424266,Robinson PLC
C1147409263,Martinez-Farley
C854360636,"Brown, Martin and Coleman"
C1201871207,"Atkins, Gill and Ortiz"
C1667997799,Dudley and Sons
C2033442741,Todd-Campbell
C202123995,"Simon, Robinson and Taylor"
C808583035,Turner Ltd
C39227554,Hartman Group
C1882428815,Thompson and Sons
C1552100559,Lopez-Edwards
C398459762,Ross Group
C1837896609,"Martinez, Gomez and Brown"
C614791379,"Porter, Byrd and Gamble"
C1678529366,Gay-Anderson
C558702268,"Avery, Lewis and Barker"
C293743581,Dixon-Castro
C558444055,"Higgins, Russell and Moss"
C818773827,Cummings-Grant
C564448794,Kline LLC
C1926205323,Nelson-Underwood
C579164608,"Robinson, Moore and Knight"
C385638241,Hammond PLC
C216569101,Smith-Melton
C780009839,Benson Inc
C1368498109,Ingram-Calderon
C1939616264,Chavez-Henderson
C2099737035,Carlson-Tate
C964830679,"Ward, Flowers and Howell"
C1109607486,Lara-King
C458507841,"Robinson, Barnett and Richardson"
C137019624,Gonzalez LLC
C1034543125,Mercado Ltd
C612203719,Stein-Schwartz
C347409275,Watts-Greer
C1081093934,Terrell Ltd
C1641485734,"Rodriguez, Morrison and Stephens"
C349726295,Shields-Juarez
C978035840,Evil Corp
C750884671,Moore-Phelps
C1877273944,Walker-Webster
C1509605882,Jarvis-Martinez
C334884897,Stein-Herring
C1314542502,Wolfe PLC
C651246927,Phelps PLC
C632994665,Williams-Howard
C1005296496,Richard Group
C1669216447,"Thompson, Miller and Sanchez"
C1243399317,Fischer-Gentry
C1514303658,Smith Group
C264003898,Roman-Johnston
C523646934,Camacho-Douglas
C1887192166,Bass-Dominguez
C588416504,Gray-Gilbert
C1562067855,Acosta-Livingston
C1903548887,Evil Corp
C732831913,Knapp PLC
C1288615779,Bryan-Kaufman
C1821992014,Levine and Sons
C1095343535,"Wheeler, Stephens and Valentine"
C2057364305,"Gutierrez, Hood and Mathis"
C1709803141,"Scott, Dean and Duffy"
C507775792,"Kane, Smith and Hooper"
C395469963,Barnett Group
C535214432,Guerrero-Miller
C1324311499,"Jackson, Barker and Ray"
C1765893501,"Martin, Armstrong and Ruiz"
C2086757543,"Simmons, Johnson and Wheeler"
C2090666983,Brown Inc
C1245038685,Hayes and Sons
C840431745,Casey Inc
C1320862972,"Buchanan, Miller and Bennett"
C1970568724,Woods-Holmes
C140592559,Vaughn and Sons
C18084530,"Richardson, Ashley and House"
C1292484867,Evil Corp
C858916941,Larson-Arnold
C1314893321,Blackwell-Burnett
C199462152,Singh and Sons
C1913454732,Booth and Sons
C1444068801,Boyd-Gardner
C1488806132,Sims PLC
C452428210,"Campbell, Gardner and Kemp"
C1407544116,Campos Ltd
C1461269339,"Harper, Thompson and Andrews"
C1074120451,Smith Ltd
C2019263230,Schmidt-Ryan
C378976406,Mckenzie Group
C1956541823,Perry and Sons
C388357689,Adams-Combs
C1522458302,Schwartz-Stevens
C1848731196,Wright Group
C984172917,"Clark, Dillon and Ortiz"
C2059139111,Cole-Clark
C217746975,Oconnor LLC
C1003211025,Leon-Brown
C567597183,Campbell Group
C631013381,Richardson PLC
C1345922936,Williams LLC
C1060990518,Carter-Davis
C1853271632,Bryant PLC
C1907642923,"Jennings, Williams and Knight"
C2086059441,Wiley-Hayes
C1839111225,"Marshall, Jenkins and Ware"
C1038592270,"Williams, Taylor and Mckay"
C1045085010,"Diaz, Greene and Owens"
C547409195,Riley-Barr
C1639897194,Murphy Group
C99387395,"Fletcher, Garza and Wright"
C1901455242,Mathews Group
C396820290,"Butler, Butler and Joseph"
C560588574,Bradshaw Inc
C1906223365,Rodriguez-Huerta
C2107765816,Campbell and Sons
C1226115543,"Oliver, Oconnor and Davis"
C496549093,Vasquez-Nunez
C1344330814,Brown Group
C2109630289,White Group
C487932671,"Weber, Green and Hanna"
C756624311,Henry-Leblanc
C1119085931,Anderson Group
C1430728693,Evil Corp
C1658184682,"Palmer, Christensen and Becker"
C436600151,Gray and Sons
C1365341048,Mullins-Craig
C927150222,"Sutton, Mejia and Crosby"
C1152225986,"Yates, Hale and Davis"
C858080310,Mack Inc
C1804484870,"Burke, Jones and Duffy"
C334932686,Hicks Group
C2103989054,"Brown, Davis and Williams"
C709561219,Brooks-Henderson
C794686743,Sawyer LLC
C338859264,"Valenzuela, Lloyd and Bender"
C153833710,Evil Corp
C1456885052,"Miller, Johnson and Snow"
C1846874820,Jackson-Thomas
C1841646172,"Barnes, Brown and Mcpherson"
C785850729,Harvey Inc
C1441025281,"Pittman, Smith and Owens"
C956971439,Garcia Group
C1399725206,Wagner-Hartman
C1715419783,Holland Group
C268444906,Jones LLC
C350045818,"Wagner, Stanley and Thompson"
C379284011,Smith-Oliver
C366743640,Caldwell-Bush
C1002270002,Evil Corp
C1407362898,Frost and Sons
C1775532284,"Henderson, May and Oliver"
C650735775,"Williams, Baker and Dillon"
C1558902064,Sandoval and Sons
C458489810,"Warren, Adkins and Preston"
C188366207,Torres Inc
C504491854,"Gray, Whitaker and Harris"
C585420440,"Bennett, Johnson and Olson"
C154974434,Morrow and Sons
C1084516051,Lozano Inc
C1868180968,Green LLC
C1852373476,"Evans, Dawson and Schaefer"
C2055120401,"Chavez, May and Schultz"
C432817092,Jones-Cohen
C1211863976,Smith LLC
C1572576222,"Ramirez, James and Black"
C1755683034,Evil Corp
C1065025242,"Jimenez, Fernandez and Wilson"
C1458646977,Bishop-Baxter
C641237352,Larson-George
C1527684537,Hanna and Sons
C738720417,Evil Corp
C1172260017,"Schultz, Leach and Richardson"
C1440354231,Nixon Inc
C288547124,"Knox, Phelps and Hurley"
C1136501547,"Thornton, Campbell and Garcia"
C1086172194,Hanna-White
C278838396,Dorsey PLC
C225893240,Fitzgerald LLC
C1294258064,Young Inc
C1597731055,Schmitt Inc
C1707711725,"Bryant, Osborne and Williams"
C1032252113,"Woods, Davis and Salazar"
C770759311,"Flores, Clark and Sawyer"
C56983205,Conley-Bradley
C958943273,"Short, Whitney and Robertson"
C1564964192,"Turner, Martinez and Vaughan"
C298596995,Kelly Group
C379200795,Thomas Ltd
C1064006470,"Johnson, Walsh and Peterson"
C57257260,Brady-Morrison
C1836072651,Norris-Mann
C1322772763,"Garrison, Bass and Williams"
C1260966588,Jackson Inc
C2063447232,Odonnell Inc
C1334090153,Cabrera-Arnold
C714917940,"Ross, Benjamin and Rivera"
C1713210844,Soto Ltd
C978565699,Newton-Leblanc
C1541188548,Gutierrez LLC
C790725196,Estes-Miller
C1040877864,"Oconnor, Mccoy and Mason"
C844542075,Norris-Harrison
C59460146,"Diaz, Beard and Steele"
C562694063,"Morgan, Rivera and Newman"
C1834485422,"Herring, Hale and Avila"
C1605391959,Schmidt-Clark
C221243371,"Lee, Lewis and Burke"
C604038141,Garcia-Campbell
C368337429,Edwards-Kirby
C152292451,Burch-Lamb
C1488994439,Carpenter-Nelson
C1851948615,Williams LLC
C1581692143,"Rodriguez, Andrews and Elliott"
C1450772703,"Hobbs, Mayo and Woodward"
C71211462,Johnson-Paul
C555990868,Evil Corp
C541962587,Evans-Snyder
C16824728,Evil Corp
C1679430531,"Stewart, Pearson and Wilkins"
C372798597,Lamb LLC
C518649502,Williams-Tucker
C2025301443,Sweeney-Simmons
C2027592293,Montes Group
C326080081,Clayton-Stephens
C305235319,Smith-Shea
C1941110211,Brooks Inc
C186072862,Williamson Group
C1011274604,Wang Inc
C841429650,Tucker Inc
C2084843873,"Serrano, Diaz and Young"
C675118553,"Hill, Williams and Stephens"
C218061889,Jones Ltd
C1525354018,Mitchell Group
C674595914,"Martin, Schroeder and Alvarez"
C732385919,Page-Richardson
C1149610487,Moore-Lopez
C168225911,Pierce Ltd
C965216175,Black and Sons
C2005307714,Valdez Inc
C4670180,Bishop LLC
C728404974,"Ayala, Fuller and Brown"
C344245881,"Perry, Coleman and Russell"
C1995296798,Harrison PLC
C732900584,Torres-Baker
C1089215729,"Church, Roth and Donaldson"
C341182944,"Taylor, Cunningham and Sherman"
C1240494139,Green PLC
C1786681072,Cox Inc
C1918369566,"Bowman, Meyer and Rodriguez"
C871690794,Martinez-Barnes
C1761309138,Brown-Potts
C1972471935,Wells Group
C2008241545,"Mcdowell, Landry and White"
C1460561660,"Hughes, Wallace and Taylor"
C393438583,Smith-Jones
C2144516659,Brock LLC
C1496341571,"Schmidt, Kerr and Richmond"
C2116937137,Turner-Bailey
C632843610,Pearson-Harding
C1212410895,"Schneider, Clark and Hughes"
C570637504,"Morrison, Lowe and Hudson"
C808684378,Nelson-Burns
C971524107,Miller-Roberts
C834976624,Gibson Ltd
M215391829,Mccarthy PLC
C1607284477,Church and Sons
C1564353608,"Gray, Burns and Wood"
C1091768874,Wade-Torres
M290849763,"Weaver, Lewis and Murray"
C823291717,"Booth, Jones and Johnson"
C618657299,"Fletcher, Park and Riley"
M623175144,"Cuevas, Jackson and Aguilar"
C366360355,"Carlson, Gibbs and Roberts"
C409578677,"Walsh, Thornton and Garcia"
C379896225,Scott Inc
C1302281681,"Jordan, Allison and Erickson"
C705120650,Weber-Willis
M487081598,"Phillips, Jones and Melendez"
M969218364,"Scott, Clark and Farrell"
C579157353,Hatfield Group
C718731643,"Lee, Johnson and Berry"
C1178934515,Park-Lane
C1531623971,Griffin Ltd
C526046232,Simpson Ltd
C75671301,"Anderson, Lamb and Campbell"
C786997986,Villarreal Inc
C1308477441,Taylor PLC
M1330826048,King-Elliott
C1885613878,"Anderson, Hart and Larson"
C212080696,"Morris, Nguyen and Cole"
C598132143,"Mckinney, Nelson and Martin"
C1163988187,Schneider Group
C1418884586,Montgomery-Cole
M2117267163,Rose Group
M1751641542,Brown Group
C645140627,Wright-Chen
M1059671726,Smith LLC
C1975390043,"Oneal, Turner and Bailey"
C956338890,Long-Lee
C1971781194,Smith Group
C1327824794,Robbins-Daniels
M839389189,Russo Ltd
C358043414,Robinson-Gordon
M1504624467,Gibbs and Sons
C1216254870,Vasquez Group
C1714837024,Hill and Sons
C1654662784,Sullivan-Thompson
M1717055694,"Moore, Li and Collier"
M1043686153,Lawson PLC
C787242927,Mendez-Baird
M77882578,"Rodriguez, Frost and Cole"
M933507080,Miller PLC
C1021587874,Thompson Inc
C95318372,Morales-Ruiz
M946866772,"Cain, Riddle and Gonzalez"
M1348761534,Jordan-Torres
C148906605,Miller PLC
C704312950,Montgomery Inc
C788874634,"Mcdonald, Hall and Mcdowell"
M1951402325,"Lamb, Simmons and Morse"
C860929789,Lopez-Hernandez
M1653653617,Boyd Ltd
M182944108,Gordon and Sons
M533921438,Green Inc
C160609026,"Scott, Andrews and Cummings"
C1563899518,"Burns, Lopez and Morris"
C508488713,Stevenson-Jensen
C1554823726,Carlson-Huffman
M1183610480,Brown and Sons
C1084012188,Flores LLC
M1265795703,Richardson-Parks
M1684201690,Simpson-Carter
M1955312313,Townsend-Smith
M301320628,Walker Ltd
C1938475526,"Smith, Campbell and Hernandez"
C779506402,"Jimenez, Parker and Fields"
C1015529677,"Ray, Wiley and Martinez"
M1996394103,"Gibson, Norman and Mckinney"
C2142547587,"Wall, Lambert and Reed"
C914957636,Jordan-Zhang
M849428673,Rose-Medina
C1337597412,Holland PLC
C1995332832,Roth-Castro
C87426661,Marks LLC
C408688303,Martinez and Sons
C1477190619,Montoya Ltd
C748382555,"Kramer, Holt and Bailey"
M1250735899,Jennings Ltd
C1034690288,Davis-Avila
C809795627,Lopez-Fields
M870078784,Graves-Fletcher
M1022031461,"Gordon, Johnson and Bell"
M956027336,"Welch, Fleming and Knight"
M1942028884,Green Group
C1403087041,Guzman-Werner
C1761313958,Brown PLC
M1124177815,"Oliver, Taylor and Holloway"
M743266449,"Brown, White and Cooper"
M2079068430,"Arnold, Gonzalez and Schmitt"
C1097907228,Rowland Ltd
C170358894,Nelson Group
M210283336,"Jackson, Wade and Hayes"
M981647331,Weber-Russell
C106303416,Edwards-Williams
M369555754,Walker PLC
C685696333,"Medina, Nichols and Johnson"
C1961399086,Jones-Aguilar
C34949923,Gordon LLC
M1756029493,"Park, Walters and Curtis"
M926772394,"Hayes, Shaw and Lopez"
C1151286694,Hunter-Holmes
M1819638608,"White, Atkinson and Mccarthy"
M157710685,"Nelson, Crane and Chung"
C2085899258,Lopez Ltd
C792102955,Vasquez PLC
C99867722,"Meza, Dorsey and Wilson"
M976098062,Webb-Ray
M1530543057,Bass-Wagner
C1643218906,"Richards, Chapman and Sosa"
M1348049534,Jones-Larson
M118328816,Miller-Walters
M1595492079,"Davis, Tran and Ingram"
C1689033792,Tran-Long
C1782776914,Brown Ltd
C102218247,Carson-Duran
C261821285,Young-Roberts
C897735701,"Olson, Jackson and Mathews"
C174532841,"White, Cross and Rodriguez"
M906983781,"Day, Torres and Green"
C1990457749,"Mcbride, Jackson and Sandoval"
C1478898162,"Hutchinson, Jackson and Gardner"
M300922993,Harrell-Ramirez
M702530586,Evil Corp
C1875697706,Cole-Smith
C903132886,Thompson-Peterson
M1003264751,Snyder-Wells
C41102216,Singleton-Mcdaniel
C1489116061,"Conway, Smith and Marshall"
M400743766,"Caldwell, Kim and Chaney"
C1676533255,"Tucker, Cruz and Chavez"
C1891518808,Evans-Holloway
M1530234511,Hale-Wallace
C1724208100,"Johnson, Clark and James"
C700950869,Martinez Group
C651806736,Mann and Sons
M1298362179,"Lee, Jackson and Reynolds"
C145807878,Cummings Ltd
C1394009782,"Delgado, Galvan and Perez"
M1882783306,Snyder-Hoover
C1996805903,Davis-Foster
M1471767414,"Bryant, Li and Wyatt"
M1610300123,Lester Group
C1109678983,Morton LLC
M716959429,Lewis-Jones
C1957675734,"Garrison, Gilmore and Blair"
M227579288,Velasquez-Harrison
M1295606785,Morales PLC
C262891082,"Nelson, Hunter and Walker"
M888843538,"Lopez, Douglas and Todd"
C1886475823,"Garcia, Francis and Lopez"
C353782565,Mcdonald Ltd
M1230436756,Clark Group
M563268470,Miller-Cortez
C1515536749,Freeman PLC
C822214416,Alexander-Howard
C472295300,"Pena, Walker and Bell"
M1953778756,"Jones, Henson and Jordan"
C1073161843,Hardin Ltd
C410567421,"Scott, Farmer and Moore"
M1177905091,"Johnson, Anderson and Callahan"
C1384939011,Bender Group
C892045919,Rogers-Andersen
C1737895165,Clements LLC
C1786396642,"Townsend, Conrad and Hill"
C179208025,Evil Corp
C136356616,Martin-Henry
M961418448,"Hunt, Church and Fox"
C907487997,"Wallace, Miller and Jimenez"
C2073353441,Becker Group
C1264872013,"Ortiz, Contreras and Woods"
C271588719,"Douglas, Hughes and Clark"
C237467600,Garcia-Horton
C980072701,Thomas LLC
C2058567676,Oneill PLC
C57541900,Mccoy PLC
C27127579,"Jackson, George and Mack"
C463376666,"Jackson, Bennett and Franklin"
C1335226346,Wilkins-Morris
C1895269207,Gray-King
C1880058411,"Martin, Evans and Hubbard"
C1665448501,Parker-Blair
M1313111844,"Friedman, Russo and Davis"
C1117382784,Massey LLC
C2146730126,"Kim, Mcgrath and Chandler"
C280794150,Armstrong-Phillips
M1449664957,Harris-Henry
C1383678621,Graves-Cook
M1309446387,Fuentes-Jones
C550754064,"Jones, Sanders and Howard"
C2059762056,"Shea, Lin and Anthony"
C1908106443,"Gomez, Long and Hicks"
C71562765,Perez-Herman
M848116774,"Johnson, Hurst and Rivera"
C352607904,Anderson-Kemp
M2113537778,Moreno-Thomas
C2002792683,Martinez Group
C1728460906,Zimmerman-Beltran
C2146875526,"Stuart, Jones and Lopez"
C381600260,"Jordan, Burke and Wiggins"
C1575083932,Spencer LLC
C158242145,Chan PLC
C814784749,Rodriguez LLC
C453039491,"Mcdaniel, Miller and Chan"
C968695097,"Alvarez, Dalton and Bennett"
M8961529,Joseph Group
C94238070,"Lopez, Sullivan and Harris"
M1131873222,Richard Group
M1646382835,Richard Inc
M703071544,"Miller, Martin and Wallace"
C533887341,Morgan-Beck
C615345603,Wall Group
C97617767,Lopez Group
C1122394266,"Cox, Hawkins and Owens"
C743500120,Johnson-Brown
M184735125,"Berger, Pierce and Stephens"
C1881669628,Smith Inc
C1727221386,"Bailey, Shepherd and Daniels"
M1933926398,Allen LLC
C1373973293,Moss and Sons
C726198580,"Savage, Calhoun and Stanley"
C256865139,Miller-Bailey
M1991416,"Scott, White and Chapman"
C327341526,Brown LLC
M1309930156,"Miller, Smith and Cline"
C265777076,"Harris, Dickerson and Flores"
M1695671000,"Meyer, Wilson and Burns"
C974768731,Shields Inc
M1527627185,Johnson-Chung
M1374852383,Mills-Richardson
C1121802556,Smith and Sons
M698251819,Harris and Sons
C1904483493,Elliott-Cook
C2136570309,Lewis-Dunlap
C1300578648,Howell-Martin
C922807181,Martinez-Gardner
C1755130739,White-Dunn
M1662786733,Smith and Sons
C1210180003,"Rodriguez, Macias and Soto"
C58016175,"Gross, Hernandez and Ayala"
M2030050716,White-Anderson
C1377074488,"Baker, Watson and Thompson"
M1911445805,Walker and Sons
C850683997,Marshall Inc
C274824257,"Price, White and Booth"
C1378537795,Sweeney-Lamb
C580319947,Smith PLC
M300081380,Kim PLC
M317737019,"Smith, Brown and Huffman"
C1939378466,Jones Ltd
C407792911,Washington-Chen
M2011269895,"Gilbert, Walker and Hicks"
C193625667,Klein PLC
C1698289399,Adams-Dennis
C538113947,Johnson PLC
C61031593,"Bender, Ramirez and Washington"
C45958213,Sims-Hall
M1629378206,"Pierce, Hammond and Thompson"
C1622552473,Williams-Kidd
C545660061,Evil Corp
C1234632255,"Jackson, Woodard and Bradley"
C1514199309,"Smith, Daniels and Adams"
C1837241611,Brown-Lucas
C1293949664,"Roberts, Moore and Ramos"
C1939084847,"Brown, Goodman and Cook"
M1435742536,Booth PLC
C1891826460,Carlson-Jones
C644421104,"Hernandez, Blevins and Moran"
M2080924806,Nelson-King
M17092044,Wagner Group
M830219798,Greene-Avery
C1905045732,"Price, Griffin and Rodriguez"
C1664754826,Lewis-Salazar
C1440200379,"Moore, Cruz and Warren"
C2074710753,Walters Group
C1631252583,"James, Hoffman and Velez"
C773052859,Reynolds and Sons
C2085820540,Osborne Ltd
C1790242902,Carroll Ltd
M1625741812,Palmer LLC
M1798263689,Skinner-Leonard
M610095315,Stark-Rocha
C1362782214,Gonzalez Group
C539360430,Gonzales PLC
C1798276972,Aguilar-Wright
M364965509,Levine LLC
M897474644,Vasquez and Sons
C1702939487,Mcdonald-Baird
M1072291811,Mcknight and Sons
C559367869,Sullivan Group
M1768343139,Davila-Henry
C761150919,Dunn-Rubio
M1816242792,"Lopez, Moore and Moore"
C1512413377,Reyes LLC
M1243910048,"Bond, Duffy and Larsen"
M741336750,Butler and Sons
C1475593328,Green PLC
C1512228906,Holmes-Mills
C277058199,Singh and Sons
C663360097,"Miller, Meyer and Robertson"
M1177544744,Ball Ltd
M633940431,Martinez-Miller
C689421716,Townsend-Barker
C1917869329,"Dean, Avila and Chapman"
C859222722,"Day, Mitchell and Horn"
C1060552727,Mccoy-Johnson
C812068864,"Blackwell, Young and Alvarez"
M1967390182,Gallegos-Douglas
C1340912150,"Meyer, Callahan and Nixon"
C1338973810,Kramer-Evans
M750457778,Harvey-Kim
C1386681141,Garcia-Stewart
C1175208170,Welch Group
C1265009796,"Taylor, Griffith and Smith"
C1152204188,"Bradley, Lane and Cole"
M628249863,Rojas Ltd
C382073873,"Russo, Valentine and Gardner"
C613128565,"Little, Morris and Smith"
M1631103685,Ward Inc
C786631574,Herrera-Stevenson
M853666510,Thomas-Wilson
C366268744,"Barker, Newton and Carter"
C845738361,Hill-Barnett
C696129952,Owen Inc
M643846034,Jackson-Myers
C188307334,"Webb, Bennett and Anderson"
M1929470346,"Charles, Blair and Lee"
M1998016541,"Williams, May and Mendez"
C1632482295,Miller-Sanders
M1324449999,Zamora-White
C1167066016,Lynn-Sweeney
C1915028592,Flores-Perez
C242522092,Jones-Hurley
C1795342784,Ballard Ltd
C1892867454,"Stewart, Smith and Macias"
C1346317033,"Rhodes, Lynch and Bailey"
C1289700186,Smith Inc
C1683549373,Price-Perkins
C2054033195,Boone-Thomas
C1894379581,"Diaz, Murray and Green"
C1636809566,Bailey and Sons
C381329398,Bruce-Thomas
C272283941,"Phillips, Walker and Miller"
M34592661,Hutchinson Inc
C939322176,"Wilson, Berry and Smith"
C662936276,"Martin, Goodman and Sanchez"
C507662577,Chavez-Gross
C289827146,Blackburn Ltd
C265311387,Delgado-Dodson
M1667812216,"Stanton, Hernandez and Holloway"
C1219369531,"Griffin, Montgomery and Hernandez"
C1188470325,Miller-Mullins
C2104590009,York PLC
C817067859,Evil Corp
M1900051947,Salazar-Singleton
C478451650,Roberts Group
C1308018080,Evil Corp
C1027773814,Yates Ltd
M1145370021,"Daniel, Mitchell and Decker"
M2143644128,Turner-Fleming
M1901970472,Alexander Ltd
C1740265449,Robinson-Conner
C1550551160,"Lee, Dean and Higgins"
M1247892773,"Weiss, Snyder and Carney"
C498972208,Hartman-Williams
C1011419007,"Alexander, Wilson and Brown"
C37924170,Booth-Carroll
C58470057,Dunlap LLC
C219537637,Lee-Strong
C1521781395,"Harris, Lang and Lester"
M851408374,Ramsey-Bauer
M1310549886,"Davis, Small and Perry"
C879329312,Mitchell LLC
M1397461092,"Davis, Hall and Mann"
M2000728377,Lopez Ltd
C503230706,Pruitt LLC
M2038676348,Porter-Marquez
C1351115755,"Adams, Hicks and King"
C503053253,"Garcia, Robbins and Martinez"
C1446632765,"May, Huffman and Knox"
M238502720,Gutierrez PLC
M280407292,"Collins, Riley and Thomas"
C1039401817,Scott and Sons
C857726609,Rosario-Smith
C1861227714,Pena-Humphrey
C685698602,"Malone, Erickson and Li"
M465797053,Scott Inc
C1555061975,"Jones, Hays and Bates"
C973743007,Miller and Sons
C1324177979,"Herman, Porter and Vega"
C463762904,Nelson and Sons
M489353970,"Vasquez, Perry and Perkins"
C1573602738,Brown-Howard
M962639355,Obrien-Stanley
M1912998981,Ford Group
C566427967,Potter-Bowman
M68565807,"Harrison, Stone and Dennis"
M575205576,"Carlson, Davis and Nunez"
C636138265,Perkins-Miranda
M1695213463,Mason Group
C968882805,"Matthews, Gutierrez and Lee"
C500703366,"Roach, Cisneros and Byrd"
M2075139564,"Smith, Perez and Robertson"
C1378233097,Raymond Inc
M481468850,Booth and Sons
C1514794352,King Ltd
M725888020,"Jenkins, Aguilar and Lawson"
C1588957891,"Ward, Donovan and Santos"
C1938409896,Bennett-Jimenez
C656370020,"James, Moore and Martin"
C276191877,Ashley-Diaz
M1832370665,"Stewart, Leonard and Arnold"
C1662898073,Wilson-Williams
C1650704471,Clark LLC
C1519845212,"Steele, Davis and Simmons"
M1416107091,"Jackson, Carrillo and Francis"
C710342888,Liu-Lowe
C671337546,Thompson-Kelly
C221754843,Nolan Inc
M1895691230,"Walker, Cardenas and Morrison"
C271575221,Smith-Patterson
M1411035807,Norton-Hernandez
C708211451,Espinoza-Huff
C746609581,Perez Group
C1297505300,Carpenter Group
C1429968288,Lynch PLC
C425492546,Elliott-Ellis
M70000857,Anderson Ltd
M882272147,"White, Rosales and Smith"
C857365378,Baker and Sons
C1602128458,Ibarra-Peterson
M318934800,"Miller, Johnson and Fuentes"
C691838055,"Melton, Stein and Baker"
C1961424733,"Murphy, Hoffman and Durham"
M72606899,Saunders PLC
C2082326073,"Petty, Thompson and Wilson"
C1284730927,"Huerta, Anderson and Maxwell"
C157591472,"Higgins, Olsen and Ortiz"
C1792808381,Kennedy Group
M537397999,Cox-Coleman
M8336625,Pierce-Moore
M2111824551,"Guzman, Hopkins and Wagner"
M320891926,Diaz PLC
C402262184,Dalton-Johnson
C1692832856,Foley-Morse
C1181681250,"Marshall, Wright and Anderson"
C172475290,"Ortiz, Butler and Jennings"
C753298852,"French, Lopez and Johnson"
M1753025523,"Morrison, Nguyen and Jensen"
C1286928684,Wall-Anderson
M782997951,Mccoy Ltd
C1399458580,"Haynes, Butler and Jackson"
C699453810,Walker-Hall
C1262011052,Yoder-Schultz
M703180768,Miller-Mills
M727473563,"Rodriguez, Hughes and Raymond"
M741223780,"Long, Hayes and Lane"
C1697147324,Farrell LLC
C1043731023,Jordan-Robertson
C2012864987,"Williams, Lewis and Cooper"
M1241484709,Leon-Gibson
C1439366836,"Estes, Jones and Finley"
C592093707,Hill PLC
M414554241,Evans-Gordon
M1048655542,"Decker, Evans and Bautista"
M20923479,"Hunter, Rivera and Garrett"
C1970702528,"Gonzales, Odonnell and Watts"
M944416080,Harris and Sons
M1728022128,Hopkins and Sons
C1047773674,"Powell, Owens and West"
C1645778736,Campbell-Garcia
M531725823,Thomas-Simpson
C1305009774,Gonzalez Inc
C216592405,Parrish-Brown
C250343810,Smith Group
C2103889084,Aguilar-Austin
C85010535,Coffey LLC
C1837095482,Robinson-Clark
C2076351339,Armstrong-Barker
C683138717,"Brown, Waters and Silva"
M510682926,"Terrell, Smith and Callahan"
C876071903,Jones-Jones
C321717015,"Rivera, Bradshaw and Wood"
M979933234,"Rodriguez, Freeman and Copeland"
C471450373,"Wilson, Franklin and Jordan"
M877647877,"Brown, Cole and Kent"
C83179166,Evil Corp
C1362453499,White Inc
C1584838894,"King, Rogers and Carter"
C890377362,Williams Inc
C1356915369,"Lindsey, Johnson and Boyle"
C109775032,"Ramos, Vang and Reed"
C447070962,Robinson Group
C1560501002,"Smith, Pollard and Hall"
C1858926350,Fletcher Ltd
C1646096543,Armstrong-Lane
C308067528,Collins PLC
C2111561670,Sanchez-Bryant
C1824264467,Ray and Sons
C1808866632,Kline-Rose
C2133414706,Contreras Inc
C1172704377,"Freeman, Hartman and Myers"
C2020860569,Jordan LLC
C1582426917,Chapman and Sons
C1754142396,Miller-Lawrence
M790244937,Mcgee-Evans
C1190131047,Roberts-Alexander
M722510812,Yoder and Sons
C320737482,Gaines Inc
M895431242,Davis Group
C250012975,Sims Ltd
C796091198,Porter-Werner
C266220697,Mcdonald-Clark
C958953991,Frederick Group
M813735378,Curry-Moore
C1941916202,"Rubio, Mooney and Vasquez"
C650035806,Macdonald-Taylor
M324342131,Hebert-Miller
C1283374857,"Holloway, Greene and Russell"
M684850051,Carpenter-York
C339470009,Lucas Group
C1577025186,Jenkins Group
C2077576601,Howard-Leach
C424825750,Ross and Sons
C100195995,Estrada Inc
M4347320,Cannon Group
C1975918135,Smith Inc
C739880811,"Scott, Scott and Barrett"
C1069968715,Lopez PLC
C1601205723,Garcia Ltd
C312713305,"George, Moreno and Jackson"
M1682408611,Johnson-Robbins
C1064868912,Taylor-Chapman
C846135284,Harrison Inc
C549139955,Reynolds Inc
C329456197,Shaw-Dalton
C1742467356,Evans-Koch
C167175733,Lambert-Frank
C1167337612,Buchanan-White
M818025487,Scott-Smith
C369284896,Bradley Group
M736920118,Gaines and Sons
C639921569,"Taylor, Lowe and Hebert"
C912095413,"Taylor, Garcia and Watts"
C1076385632,"Graham, Strickland and Miller"
M1484695868,Jacobs LLC
C2009093032,Wheeler-Kennedy
C1190332895,Chavez-Weaver
C75404027,"Smith, Burton and Stevens"
C1737413597,"Hess, Mosley and Massey"
M1458926839,"Brown, Edwards and Miller"
C966018940,Harris Group
C1138817531,"Morales, Benson and Rogers"
C2140029833,Bryant LLC
C403203523,"Roberts, Booth and Rhodes"
C1108671624,"Gardner, Watkins and May"
M166585974,"Mcgee, Baker and Morgan"
M264879465,"Davis, King and Gonzalez"
M731968202,"Hunter, Webb and Black"
M479987559,Barnes Ltd
M1902361050,David-Rocha
M1780037453,Rogers-Dominguez
C2036424709,Stokes-Perez
C309183527,Berger-Young
M122928567,Bowman-Bell
C256176620,Delgado-Wells
M889368019,Brown Inc
M677096722,"Murray, Gutierrez and Mcdowell"
M1056990134,Nunez PLC
C640592977,Benson-Oconnell
C1961646906,"Garner, Moore and Bowen"
C1436705538,Burke-Jones
M2014963892,"Hill, Herman and Snyder"
M1341078498,Zuniga-Johnson
C976164557,"Hampton, Perez and Torres"
C1450150251,Frost PLC
M142342905,"Heath, Moses and Todd"
C267932530,Thompson Group
C2009082452,Powell-Clayton
C238668530,"Combs, Novak and Mcclure"
M341944859,Lewis-Bowen
C836249110,"Armstrong, Davis and Myers"
M1542222765,Washington Ltd
C1540321401,"Jones, Smith and Webb"
M1348089788,Sanders LLC
C1657041838,Pierce LLC
C1956457360,"Clark, Wheeler and Myers"
C315161875,"Fisher, Smith and Hughes"
M601174739,Phillips-Ortiz
C2041008409,"Young, Marshall and Nolan"
M1016860656,Rodriguez Group
M1901773897,Calhoun Ltd
C1814743278,Evil Corp
C276147479,Smith Ltd
C1239031261,"Thomas, Marshall and Johnson"
M1726028995,Thomas-Cannon
C1878593739,"Murray, Morrow and Gomez"
C1200754697,Simpson-Clark
C1143329943,Morales-Estes
C952595667,"Montes, Francis and Hill"
C1520594719,Brown-Pruitt
C1797919997,"Thompson, Welch and Dodson"
M304191532,"Mckinney, Hernandez and Lucas"
M1512096412,Johnson-Jones
M1853307520,Ross Ltd
C988705496,Allen PLC
C1714938931,Miller and Sons
C1795131625,Jones-Good
C1959559159,"Richardson, Doyle and Harris"
C74288440,"Nixon, Hoover and Riley"
M2032504797,Vargas LLC
M1449288962,Stevens Inc
M1327733366,Smith-Orozco
C946186798,"Wood, Brown and Harris"
C912976721,"Fox, Jones and Reynolds"
M195635213,Coleman-Marshall
C184254704,Phillips-Lucas
C1366589403,Evil Corp
M847653440,Mueller-Torres
M76826899,Reed-Saunders
M33416945,"Dominguez, Mosley and Orozco"
C838948978,Johnston Group
C1688594310,White Group
M1974943259,"Jones, Brown and Underwood"
C620902860,Martinez PLC
C296562338,"Hansen, Jordan and Williams"
M1468475221,"Ortiz, Lopez and Chavez"
M1552518432,Hart Ltd
M260804472,Curtis Inc
M2110507332,"Jones, Lee and Elliott"
C1701136497,Johnson Group
C1607721978,"Grant, Mayer and Johnson"
M1525865742,"Higgins, Santos and Nolan"
C541258645,Morris-Owens
C1370209618,Hodge-Martin
C2055980315,"Stone, Floyd and Rodriguez"
C762759570,"Collins, Sandoval and Nunez"
M1794508515,"Ramos, Ramirez and Blake"
C1722883468,Thomas-Payne
M284183932,Rodriguez and Sons
C730350455,Walker-Austin
C1752591265,Chambers-Salazar
M436090088,Reese Inc
C1169315321,Young-Ramirez
M309983713,Coleman-Stevenson
M513329048,"Mckay, Collins and Santiago"
C2128645176,Padilla Ltd
M55629029,"Anderson, Jones and Pearson"
M506254328,Chapman PLC
C1126814500,"Brown, Freeman and Patterson"
M980968102,Cox PLC
M1697723026,"Smith, Jones and Wagner"
C2120042081,"Kennedy, Martinez and Jones"
C599174068,"Rivera, Smith and Richardson"
M1840316250,Thomas Inc
C1886795573,Russell Ltd
M1919208957,"Cobb, Haney and Brown"
C1132494342,Strong LLC
C1196905443,Garcia-Smith
M341475077,Barnes LLC
C38045322,Jackson-Ford
M921297051,Valencia and Sons
M197479812,"Jones, Schmidt and Strong"
C1524242530,Richards PLC
M302528498,Archer-Ponce
M1629240136,Mitchell-Davis
C180037483,"King, Frank and Oliver"
M1254241532,Wallace Group
C431416986,"Wright, Perez and Burnett"
M614412510,"Barrett, Johnson and Hansen"
M582886129,Evil Corp
C795840871,Scott-Johnson
C252721565,"Wagner, Rodriguez and Williams"
C895280782,"Garcia, Pace and Harrington"
C919306039,"Martin, Dennis and Strong"
C536178983,Spencer-Butler
C387620559,"Cruz, Bridges and Gonzales"
M1251497592,"Flores, Howard and Carroll"
C537985281,Hall-Kelly
C1917025677,Hayes-Ingram
C1142488685,Yates LLC
M358490766,"Walsh, Peters and Long"
M120528091,Baker-Soto
M1875174082,"Rodriguez, Boyd and Quinn"
M1947352977,Cantrell-Wise
M1586976811,Phillips-Hansen
C1323211235,"Simpson, Taylor and Vargas"
C1099787699,"Oconnell, Carroll and Castro"
C1327330940,Wilson-Flowers
C364393564,"Mcfarland, Hughes and Foster"
C2104507826,Schmitt-King
C1921034805,Mason Inc
C97725839,Norris-Dean
M1720731478,Ramirez PLC
M1583480606,"Brown, Galloway and Davis"
M989897532,Perez and Sons
C1554565380,"Morgan, White and Burke"
M1937389829,Delacruz-Nelson
M753756804,Jackson-Tran
M532832544,Goodman-Wagner
C1981355984,Johnson-Carter
C2097436909,Thompson-Duke
M2011283784,"Blanchard, Roy and Moody"
M817298798,"Parker, Harris and Pratt"
C1424731356,Doyle PLC
M242468230,Diaz-Sanders
C1063606307,Hamilton Group
M534433075,"Garcia, Williams and Wood"
C276022566,Evil Corp
M1720336056,Hudson Ltd
C934853509,Ibarra-Holland
C120530536,Ibarra-Garcia
M2135168858,Williams PLC
C1552999158,Baker-Little
M83704613,Wilson LLC
M441200211,"Allen, Murray and Ryan"
M1552301249,Murphy Ltd
C1875583711,"Huffman, Dean and Roberts"
C59901056,Thompson-Taylor
C1546411648,Wolfe-Barber
C1629738129,"Scott, Moore and Morris"
M1791047024,"Burke, Middleton and Bell"
C545990664,"Burke, Andrade and Reid"
C608175647,Lopez-Garcia
C1752310930,Lopez-Hall
M928785513,"Richardson, Rhodes and Shaffer"
M1272263978,Guzman-Terry
C1601457862,Lambert Inc
M1031351666,Page-Martin
M1715179818,Douglas Inc
M1297696354,"Duncan, Vaughn and Gibson"
M1813357056,"Baker, Hudson and Santiago"
C202220325,Bryan-Martinez
C332975274,Blanchard-Harper
C1742020302,"Smith, Lee and Kline"
M1155934536,Alvarado Group
C1874170461,Pace-Obrien
C1554717982,Cortez LLC
C1408403777,Miller and Sons
C1578335459,Hicks-Roberts
C1266618319,Robertson LLC
M1089064134,"Winters, Buckley and Escobar"
C1885720523,"Lester, Juarez and Silva"
C958135309,Collins PLC
C1807595570,Murphy-Lee
M968646830,Barr Ltd
C2087913014,"Burton, Berger and Mcdaniel"
C1837815693,Ortiz Group
C1414238160,Hicks LLC
M1084510265,Snyder-Simmons
C894029815,"Alvarez, Bell and Myers"
C161452758,Cox-Porter
C1786726575,Simpson PLC
M1009443247,"Russell, Chen and Arias"
C1448209839,Dunn-Barr
C1050209890,Fernandez Group
C1844464656,Lewis-Houston
C1038794885,Mcclure-Porter
C897561978,Cantrell-Morris
C1702511699,Morris Ltd
M1559048810,Evil Corp
C486032428,Schmitt-Mcknight
C1745551276,Palmer-Smith
M1009582522,Wright LLC
C105191836,Wilson PLC
C407027765,"Rivera, Werner and Duarte"
M309846016,Dunlap and Sons
C1554865197,Gallegos Inc
M826211005,Carter Group
C272906785,Johnson Ltd
M666312528,Ortiz Group
C1343600598,Vance-Dominguez
C367480953,"Sanders, Morris and Williams"
C1372792336,Martin-Moore
C1510815107,"Holmes, Davenport and Allen"
M826814298,Webb-Hernandez
C60796535,Thomas Inc
M1757715893,Alvarez-Hogan
M1399567910,Garcia-Little
M445415503,Schwartz-Hamilton
M2066285130,David-Clark
C1715795933,Torres-Bauer
M675935392,Fernandez Group
M1132129821,Ruiz Inc
C1163480574,"Booker, Moreno and Fernandez"
C251198050,Valdez-Rodriguez
C700110554,Williams and Sons
C328285138,Williams LLC
C955495895,Lowery-Henry
C1636966593,Alvarado Group
C243962745,"White, Reyes and Alvarez"
M2145627891,Wilson Group
C1263845074,"Hamilton, Valenzuela and Smith"
C490502479,Hamilton Ltd
C1092216719,Brooks PLC
C888149804,Ortiz Ltd
M482191659,Love Group
M2109208464,Miller-Richardson
M1264123258,"Jarvis, Davis and Patterson"
C2051838713,Armstrong Group
C960042363,"Johnson, Long and Smith"
C2036145847,Robbins Ltd
C1318760879,Evil Corp
M602768530,Perez Inc
C317930384,Huerta Ltd
C1200294148,"Williams, Burgess and Ochoa"
C962675437,Jackson Inc
C409003233,Sanchez-Lucas
C236686256,Gallagher LLC
C638759306,"Moore, Hawkins and Gutierrez"
M413616641,Evil Corp
C447333524,"Sanchez, Perry and Boone"
C1828852445,"Jacobson, Shields and Swanson"
C1724402684,"Santana, Mendez and Garcia"
C801207885,Reid Group
C87134580,Collins Inc
C2145418274,Cook and Sons
C1461690304,Deleon-Young
M1939409738,Sutton-Glover
C1178234851,"Goodman, Jacobson and Gibson"
C1721459506,"Daniel, Oneal and Larsen"
C591155970,Morris Inc
M1851160182,"Johnson, Burton and White"
C665603498,"Wright, Jones and Harmon"
C1970969957,"Odonnell, Dunn and Nelson"
M1305736553,Pearson PLC
C578219606,Brewer LLC
M1741355595,Hernandez Inc
M187602231,Ho Ltd
C2967677,Kelly-Cantu
C95566755,Evil Corp
M529201843,Nunez Inc
C1396319605,"Miller, Garcia and Mckee"
M1259581007,Baxter-Gordon
M2053750368,Lewis-Frederick
C168537290,Sherman-Garcia
C1629720592,Perry-Martin
C1747916253,Murray Ltd
C948832044,Brooks-Smith
M1618793645,Jacobs and Sons
C2064003803,Graves Ltd
C598476384,Baird-Barnett
M189174727,"Abbott, Hall and Pratt"
C1456485148,Herrera-Crawford
C1252648350,"Harvey, Vasquez and Wade"
C403023318,"Burch, Collins and Davis"
C1760886989,"Anderson, Bailey and Vasquez"
M1279448422,"Salinas, Garrison and Kent"
C281891530,Richardson-Martinez
C2002068763,Brown-Hinton
C200227681,Gay-Farley
M958615584,Miller-Ryan
C719119378,Pugh and Sons
C228825613,"Adams, Glass and Powers"
M1523988830,Beltran PLC
M466167889,Murphy Inc
M560305910,Holmes-Bass
C1560450567,Bailey-Yates
M1944060431,Walker Inc
M1148569236,Vang-Bishop
C2058049748,Castro-Nguyen
M1841159272,"Clark, Cole and Marshall"
M781236350,"Martin, Snyder and Mitchell"
C1521529243,Nelson-Rasmussen
C863327515,Wood-Reynolds
C387508991,Evil Corp
C1704323890,"Glass, Rivers and Perkins"
C1681878279,Lambert-Lewis
M205390665,Smith-Hogan
C1573847723,"Brooks, Conrad and Smith"
M328563147,Floyd-Wade
M32228944,"Reilly, Lopez and Herman"
M586554452,Baker-Bullock
C1637274915,"Nguyen, Hobbs and White"
C485598602,Olson-Peters
M856199666,"Thompson, Heath and Wilson"
C1843448114,"Johnson, Henry and Robinson"
M1687508638,"Fitzgerald, Vargas and Brown"
M222369068,Castro Ltd
C18996450,Bruce and Sons
C1748603513,"Guzman, Carter and Edwards"
M563631270,"Wheeler, Paul and Herring"
C1827805764,"Powell, Ball and Estes"
C1643666059,Stone-Andrews
C2117025870,Bishop PLC
C1639940638,Bryan PLC
C1509287078,"Washington, Love and Stewart"
C672281868,Hernandez Group
C1777706309,"Martinez, Larson and Chambers"
C2076405907,Davis-Norris
M1438191043,Anderson Ltd
C828985995,Mueller-Greene
C513339905,Frazier-Moss
M301149088,Jenkins-Chambers
C1664823354,Ray-Jennings
M2142280191,Jones Inc
C1107490681,Knox-Rivera
C769528997,Mann-Flores
M1635083820,Kline-Landry
C1350369613,Anderson Ltd
C1067814107,Wheeler-Chavez
C1036941503,"Landry, Goodman and Buchanan"
C10265850,Duncan-Diaz
M1579614317,"Wilson, Carroll and Macdonald"
C1179955657,Evil Corp
C1335009677,Castaneda-Huff
C2067287568,Washington-Arias
M1159548685,"Thompson, Joseph and Garrison"
M1911455980,Jackson and Sons
M157235785,Brown-Watson
C701391093,Munoz-Coleman
M394013010,Hubbard-Ellis
C1862265469,Greer-Oconnor
C155747336,Miller Group
M810927595,Crosby-Jackson
C210224250,"Williams, Greene and White"
C1920522237,"Shaw, Case and Reed"
M1190451085,Mccall Group
C1999323505,Freeman-Branch
C1973054830,Armstrong Ltd
M212425320,Freeman-Carr
M1857513878,"Jones, Campbell and Rodriguez"
C244684090,Huerta-Griffin
C724595147,Palmer PLC
C1949013650,Chavez-Sutton
C166838725,"Bradley, Miller and Rodriguez"
M1195165525,Delacruz Ltd
C1326165595,Wiley LLC
M1197274331,"Osborne, Petty and Cunningham"
C737969496,"Jarvis, Robertson and Reyes"
M1817924296,Nguyen PLC
C374769756,"Ross, Curry and Mckenzie"
C1238956402,Freeman-Craig
C1246929314,Walters PLC
C289358776,"Ruiz, Parker and Davis"
C2020659135,Perez and Sons
M2032368838,Hall-Edwards
M1525769965,Sims Group
C1321468037,Evil Corp
C1971426387,"Osborne, Sparks and Holt"
M1650963180,Scott-Cooke
M568900009,Mcpherson-Houston
M87538348,Wood-Conley
C1991825762,"Cain, Diaz and Stone"
M966707259,"King, Wagner and Malone"
C1318550066,Stone-Fitzgerald
M378847876,Brown PLC
M2105926898,"Mcknight, Gallegos and Robertson"
C1895508311,Scott-Keller
M1730886723,Joyce-Stewart
M1277938699,Parker-Larson
M305158987,Nguyen Group
M1818636247,"Chan, Wilson and Smith"
M2002498413,Martin Group
C568904482,Moore PLC
M1987120586,"Mcbride, Robertson and Hall"
C1928461022,Watson-Howell
C646513637,"Mora, Edwards and Petersen"
C152956833,Cantu PLC
C1971071921,Richards-Smith
M1018003181,White-Adkins
C1501236527,"Mitchell, Leblanc and Sims"
C1531350213,Chen-Sanders
M452881409,"Nelson, Hughes and Brewer"
C1003280340,Beck-Monroe
M1451592360,"Murray, Allen and Lowe"
C976936495,"Taylor, Lee and Munoz"
M1660251994,Obrien PLC
C1298799712,Richards Inc
C577718811,"Williams, Brennan and Schwartz"
C990967636,Hodges-Davis
M22596562,Morrison Inc
C1473694873,"Barrera, Bauer and Adams"
C1668936313,Mccoy PLC
M713304613,"Jennings, Clark and Fowler"
C1847272950,Griffin LLC
C1856256614,Ballard-Sims
M294962410,Reyes and Sons
C61049773,"Lucas, Martin and Black"
C1582485680,Stout Inc
M1447720230,"Smith, Kelley and Campos"
C790810719,Charles Group
C589380941,"Garcia, Perez and Macdonald"
M1710979359,Riley and Sons
M1200681466,"Lawrence, Dawson and Hendricks"
C1650510410,Phillips Inc
M447852790,Russell-Gomez
M779990944,Mason-Hernandez
C1708124424,"Fisher, Davis and Moss"
C696837041,Rivera and Sons
C2064715630,Ortiz-Vaughn
C1112861184,Buchanan Inc
C10007424,Villarreal Group
